sample_number,3716-15
sub_substrate_type,Silicon
sub_production_batch,Batch_2025_001
sub_vendor,Corning Inc.
sub_manufacture,USA
sub_softing_point_celsius,726
sub_expansion_coefficient,3.25E-06
sub_temp_celsius,25
sub_thickness_mm,1.1
sub_size_mm_x_y,5x5
sub_materials,SiO2; Na2O; CaO
sub_program,corning_eagle_xg
sub_operator,Lars Drescher
sub_institution,HZB
sub_clean_method,acetone_ethanol_sequence
sub_clean_description,"Ultrasonic cleaning in acetone for 5 minutes, followed by ethanol rinse"
sub_clean_duration_Min,10
sub_clean_temperature_C,25
sub_clean_pressure_mbar,1013
sub_clean_date,"Thursday, July 10, 2025"
sub_clean_time,2:01:15 PM
