sample_number,3716-15
fab_method,PVDJ
fab_sequence,1
fab_process_number,PVDJ 001
fab_operator,Thomas Unold
fab_institution,HZB
fab_recipe_name,CsI deposition standard
fab_box_type,quartz chamber
fab_duration_minutes,30
fab_substrate_temperature_celsius,150
fab_cooling_temperature_celsius,50
fab_holding_time_seconds,1800
fab_rate_nmol_per_cm2_per_sec,2.5
fab_power_W,120
fab_tooling_factor,0.92
fab_xtal,quartz sensor QCM
fab_sample_orientation,horizontal facing up
fab_sample_mass_before_mg,1
fab_sample_mass_after_mg,2
fab_date,"Thursday, July 11, 2025"
fab_time,2:04:15 PM
