sample_number,3716-15,,,,
fab_method,Tube Furnace,,,,
fab_sequence,3,,,,
fab_operator,Lars Drescher,,,,
fab_institution,HZB,,,,
fab_temperature_celsius,300,,,,
fab_rample_celsius_per_min,5,,,,
fab_amount_selenium_g,0.5,,,,
fab_amount_sulfur_g,0.3,,,,
fab_pressure_mbar,100,,,,
fab_sample_orientation_in_box,face_up,,,,
fab_humidity_percent,45,,,,
fab_storage_days,7,,,,
fab_duration_minutes,60,,,, 
fab_cooling_time_minutes,30,,,,
fab_sample_weight_before_mg,100.5,,,,
fab_sample_weight_after_mg,101.2,,,,
fab_position_in_oven,slot_1,,,,
fab_date,"Thursday, July 15, 2025",,,,
fab_time,3:04:15 PM,,,,
